"Date","Price","Open","High","Low","Vol.","Change %"
"Jun 07, 2019","20,884.71","20,859.78","20,907.77","20,816.58","522.70M","0.53%"
"Jun 06, 2019","20,774.04","20,745.84","20,842.28","20,745.84","614.23M","-0.01%"
"Jun 05, 2019","20,776.10","20,667.89","20,800.64","20,646.15","744.71M","1.80%"
"Jun 04, 2019","20,408.54","20,435.86","20,464.57","20,289.64","713.00M","-0.01%"
"Jun 03, 2019","20,410.88","20,327.87","20,438.03","20,305.74","695.25M","-0.92%"
"May 31, 2019","20,601.19","20,785.21","20,823.10","20,581.58","814.51M","-1.63%"
"May 30, 2019","20,942.53","20,881.50","20,942.53","20,809.29","604.99M","-0.29%"
"May 29, 2019","21,003.37","21,055.42","21,071.73","20,884.61","721.55M","-1.21%"
"May 28, 2019","21,260.14","21,187.17","21,297.70","21,177.27","1.02B","0.37%"
"May 27, 2019","21,182.58","21,148.46","21,232.38","21,113.76","429.01M","0.31%"
"May 24, 2019","21,117.22","20,980.79","21,117.22","20,922.00","698.31M","-0.16%"
"May 23, 2019","21,151.14","21,180.24","21,209.56","21,072.72","658.64M","-0.62%"
"May 22, 2019","21,283.37","21,373.52","21,404.54","21,266.98","665.38M","0.05%"
"May 21, 2019","21,272.45","21,211.26","21,318.80","21,160.43","723.21M","-0.14%"
"May 20, 2019","21,301.73","21,305.97","21,430.06","21,282.65","671.33M","0.24%"
"May 17, 2019","21,250.09","21,246.86","21,398.85","21,199.98","780.73M","0.89%"
"May 16, 2019","21,062.98","21,153.20","21,153.20","20,951.67","849.62M","-0.59%"
"May 15, 2019","21,188.56","21,112.85","21,191.53","20,968.08","866.63M","0.58%"
"May 14, 2019","21,067.23","20,870.77","21,077.48","20,751.45","929.62M","-0.59%"
"May 13, 2019","21,191.28","21,180.74","21,277.66","21,127.93","768.21M","-0.72%"
"May 10, 2019","21,344.92","21,431.81","21,584.09","21,175.33","1.02B","-0.27%"
"May 09, 2019","21,402.13","21,492.91","21,559.76","21,315.07","999.11M","-0.93%"
"May 08, 2019","21,602.59","21,628.04","21,639.12","21,514.85","884.46M","-1.46%"
"May 07, 2019","21,923.72","22,184.40","22,190.49","21,875.11","934.91M","-1.51%"
"Apr 26, 2019","22,258.73","22,167.48","22,270.29","22,073.10","740.80M","-0.22%"
"Apr 25, 2019","22,307.58","22,183.32","22,334.69","22,155.23","652.75M","0.48%"
"Apr 24, 2019","22,200.00","22,356.83","22,362.92","22,125.48","700.36M","-0.27%"
"Apr 23, 2019","22,259.74","22,241.74","22,268.37","22,119.94","535.79M","0.19%"
"Apr 22, 2019","22,217.90","22,188.62","22,280.19","22,099.38","441.69M","0.08%"
"Apr 19, 2019","22,200.56","22,238.07","22,250.37","22,162.23","498.21M","0.50%"
"Apr 18, 2019","22,090.12","22,274.13","22,305.63","22,058.39","693.55M","-0.84%"
"Apr 17, 2019","22,277.97","22,236.41","22,345.19","22,185.87","776.60M","0.25%"
"Apr 16, 2019","22,221.66","22,108.15","22,261.33","22,095.32","590.95M","0.24%"
"Apr 15, 2019","22,169.11","22,122.97","22,211.03","22,102.93","681.43M","1.37%"
"Apr 12, 2019","21,870.56","21,782.35","21,878.78","21,698.71","634.65M","0.73%"
"Apr 11, 2019","21,711.38","21,662.65","21,721.42","21,627.87","630.65M","0.11%"
"Apr 10, 2019","21,687.57","21,579.68","21,687.57","21,571.67","605.02M","-0.53%"
"Apr 09, 2019","21,802.59","21,750.29","21,811.88","21,698.42","559.51M","0.19%"
"Apr 08, 2019","21,761.65","21,900.55","21,900.55","21,740.53","563.26M","-0.21%"
"Apr 05, 2019","21,807.50","21,743.14","21,839.18","21,731.34","602.89M","0.38%"
"Apr 04, 2019","21,724.95","21,724.69","21,787.60","21,662.90","596.94M","0.05%"
"Apr 03, 2019","21,713.21","21,563.64","21,722.72","21,489.95","705.68M","0.97%"
"Apr 02, 2019","21,505.31","21,744.64","21,744.64","21,490.56","732.24M","-0.02%"
"Apr 01, 2019","21,509.03","21,500.89","21,682.94","21,471.12","798.21M","1.43%"
"Mar 31, 2019","21,205.81","21,205.81","21,205.81","21,205.81","-","0.00%"
"Mar 29, 2019","21,205.81","21,228.51","21,267.25","21,149.42","635.38M","0.82%"
"Mar 28, 2019","21,033.76","21,191.32","21,191.32","20,974.19","733.10M","-1.61%"
"Mar 27, 2019","21,378.73","21,353.61","21,388.59","21,242.52","782.56M","-0.23%"
"Mar 26, 2019","21,428.39","21,174.34","21,460.99","21,174.34","1.04B","2.15%"
"Mar 25, 2019","20,977.11","21,267.41","21,275.43","20,911.57","801.45M","-3.01%"
"Mar 22, 2019","21,627.34","21,713.26","21,713.26","21,542.03","813.48M","0.09%"
"Mar 20, 2019","21,608.92","21,548.65","21,614.17","21,499.16","673.20M","0.20%"
"Mar 19, 2019","21,566.85","21,558.43","21,585.55","21,425.79","617.70M","-0.08%"
"Mar 18, 2019","21,584.50","21,576.36","21,612.67","21,500.32","568.96M","0.62%"
"Mar 15, 2019","21,450.85","21,376.73","21,521.68","21,374.85","857.90M","0.77%"
"Mar 14, 2019","21,287.02","21,474.58","21,522.75","21,287.02","660.94M","-0.02%"
"Mar 13, 2019","21,290.24","21,425.77","21,474.17","21,198.99","681.77M","-0.99%"
"Mar 12, 2019","21,503.69","21,361.61","21,568.48","21,348.81","698.57M","1.79%"
"Mar 11, 2019","21,125.09","21,062.75","21,145.94","20,938.00","573.25M","0.47%"
"Mar 08, 2019","21,025.56","21,339.17","21,359.32","20,993.07","1.03B","-2.01%"
"Mar 07, 2019","21,456.01","21,456.88","21,472.16","21,402.12","774.96M","-0.65%"
"Mar 06, 2019","21,596.81","21,659.03","21,684.60","21,550.45","588.58M","-0.60%"
"Mar 05, 2019","21,726.28","21,712.80","21,798.38","21,659.04","610.39M","-0.44%"
"Mar 04, 2019","21,822.04","21,812.81","21,860.39","21,740.92","609.23M","1.02%"
"Mar 01, 2019","21,602.69","21,490.02","21,641.58","21,490.02","644.74M","1.02%"
"Feb 28, 2019","21,385.16","21,536.55","21,536.55","21,364.09","737.24M","-0.79%"
"Feb 27, 2019","21,556.51","21,504.61","21,578.81","21,492.65","698.29M","0.50%"
"Feb 26, 2019","21,449.39","21,556.02","21,610.88","21,405.84","580.57M","-0.37%"
"Feb 25, 2019","21,528.23","21,567.66","21,590.03","21,505.07","533.64M","0.48%"
"Feb 22, 2019","21,425.51","21,376.36","21,451.23","21,348.67","539.89M","-0.18%"
"Feb 21, 2019","21,464.23","21,422.31","21,553.35","21,318.74","704.96M","0.15%"
"Feb 20, 2019","21,431.49","21,346.04","21,494.85","21,315.39","615.07M","0.60%"
"Feb 19, 2019","21,302.65","21,256.58","21,344.17","21,217.16","552.65M","0.10%"
"Feb 18, 2019","21,281.85","21,217.32","21,306.36","21,189.97","636.94M","1.82%"
"Feb 15, 2019","20,900.63","21,051.51","21,051.51","20,853.33","676.14M","-1.13%"
"Feb 14, 2019","21,139.71","21,147.89","21,235.62","21,102.16","665.20M","-0.02%"
"Feb 13, 2019","21,144.48","21,029.93","21,213.74","20,992.88","810.27M","1.34%"
"Feb 12, 2019","20,864.21","20,442.55","20,885.88","20,428.57","866.91M","2.61%"
"Feb 08, 2019","20,333.17","20,510.50","20,562.39","20,315.31","888.59M","-2.01%"
"Feb 07, 2019","20,751.28","20,812.22","20,844.77","20,665.51","727.74M","-0.59%"
"Feb 06, 2019","20,874.06","20,928.87","20,971.66","20,860.99","710.05M","0.14%"
"Feb 05, 2019","20,844.45","20,960.47","20,981.23","20,823.18","674.93M","-0.19%"
"Feb 04, 2019","20,883.77","20,831.90","20,922.58","20,823.68","686.88M","0.46%"
"Feb 01, 2019","20,788.39","20,797.03","20,929.63","20,741.98","847.46M","0.07%"
"Jan 31, 2019","20,773.49","20,832.91","20,869.42","20,682.91","779.60M","1.06%"
"Jan 30, 2019","20,556.54","20,701.62","20,706.27","20,527.53","743.38M","-0.52%"
"Jan 29, 2019","20,664.64","20,555.44","20,673.66","20,406.22","650.25M","0.08%"
"Jan 28, 2019","20,649.00","20,746.29","20,759.48","20,624.55","585.54M","-0.60%"
"Jan 25, 2019","20,773.56","20,598.64","20,844.31","20,598.64","705.06M","0.97%"
"Jan 24, 2019","20,574.63","20,506.24","20,620.72","20,467.59","633.32M","-0.09%"
"Jan 23, 2019","20,593.72","20,453.44","20,686.29","20,438.22","612.83M","-0.14%"
"Jan 22, 2019","20,622.91","20,770.06","20,805.93","20,558.30","588.60M","-0.47%"
"Jan 21, 2019","20,719.33","20,848.38","20,892.68","20,678.26","630.65M","0.26%"
"Jan 18, 2019","20,666.07","20,472.81","20,682.12","20,454.13","666.63M","1.29%"
"Jan 17, 2019","20,402.27","20,544.23","20,571.75","20,342.46","656.18M","-0.20%"
"Jan 16, 2019","20,442.75","20,575.72","20,580.25","20,323.32","716.84M","-0.55%"
"Jan 15, 2019","20,555.29","20,264.82","20,571.28","20,204.43","806.94M","0.96%"
"Jan 11, 2019","20,359.70","20,296.45","20,389.89","20,294.74","801.21M","0.97%"
"Jan 10, 2019","20,163.80","20,270.88","20,345.92","20,101.93","759.63M","-1.29%"
"Jan 09, 2019","20,427.06","20,366.30","20,494.35","20,331.20","750.92M","1.10%"
"Jan 08, 2019","20,204.04","20,224.67","20,347.92","20,106.36","891.35M","0.82%"
"Jan 07, 2019","20,038.97","19,944.61","20,266.22","19,920.80","840.26M","2.44%"
"Jan 04, 2019","19,561.96","19,655.13","19,692.58","19,241.37","943.71M","-2.26%"
"Jan 01, 2019","20,014.77","20,014.77","20,014.77","20,014.77","-","0.00%"
"Dec 28, 2018","20,014.77","19,957.88","20,084.38","19,900.04","727.89M","-0.31%"
"Dec 27, 2018","20,077.62","19,706.19","20,211.57","19,701.76","959.03M","3.88%"
"Dec 26, 2018","19,327.06","19,302.59","19,530.35","18,948.58","824.46M","0.89%"
"Dec 25, 2018","19,155.74","19,785.43","19,785.43","19,117.96","978.98M","-5.01%"
"Dec 21, 2018","20,166.19","20,310.50","20,334.73","20,006.67","1.20B","-1.11%"
"Dec 20, 2018","20,392.58","20,779.93","20,841.34","20,282.93","993.35M","-2.84%"
"Dec 19, 2018","20,987.92","21,107.17","21,168.62","20,880.73","838.04M","-0.60%"
"Dec 18, 2018","21,115.45","21,275.51","21,330.36","21,101.44","830.37M","-1.82%"
"Dec 17, 2018","21,506.88","21,391.73","21,563.27","21,363.67","654.13M","0.62%"
"Dec 14, 2018","21,374.83","21,638.96","21,751.31","21,353.94","1.06B","-2.02%"
"Dec 13, 2018","21,816.19","21,755.13","21,871.34","21,675.66","816.71M","0.99%"
"Dec 12, 2018","21,602.75","21,348.40","21,631.47","21,320.72","923.72M","2.15%"
"Dec 11, 2018","21,148.02","21,273.04","21,279.02","21,062.31","902.49M","-0.34%"
"Dec 10, 2018","21,219.50","21,319.47","21,365.78","21,169.96","813.67M","-2.12%"
"Dec 07, 2018","21,678.68","21,643.75","21,734.94","21,506.45","804.62M","0.82%"
"Dec 06, 2018","21,501.62","21,766.50","21,805.02","21,307.72","902.95M","-1.91%"
"Dec 05, 2018","21,919.33","21,755.17","21,979.18","21,708.82","863.01M","-0.53%"
"Dec 04, 2018","22,036.05","22,533.97","22,576.62","22,033.41","924.04M","-2.39%"
"Dec 03, 2018","22,574.76","22,629.39","22,698.79","22,550.29","726.86M","1.00%"
"Nov 30, 2018","22,351.06","22,274.97","22,362.20","22,231.96","1.07B","0.40%"
"Nov 29, 2018","22,262.60","22,360.98","22,437.95","22,241.17","713.88M","0.39%"
"Nov 28, 2018","22,177.02","22,036.72","22,216.98","22,032.72","799.91M","1.02%"
"Nov 27, 2018","21,952.40","21,967.98","22,006.83","21,816.05","763.28M","0.64%"
"Nov 26, 2018","21,812.00","21,647.69","21,838.10","21,622.60","803.88M","0.76%"
"Nov 22, 2018","21,646.55","21,582.47","21,684.64","21,484.98","678.57M","0.65%"
"Nov 21, 2018","21,507.54","21,286.81","21,555.61","21,243.38","796.62M","-0.35%"
"Nov 20, 2018","21,583.12","21,582.69","21,687.12","21,526.95","851.49M","-1.09%"
"Nov 19, 2018","21,821.16","21,679.03","21,852.92","21,665.29","742.80M","0.65%"
"Nov 16, 2018","21,680.34","21,804.90","21,873.74","21,663.99","772.03M","-0.57%"
"Nov 15, 2018","21,803.62","21,670.35","21,818.73","21,613.53","838.96M","-0.20%"
"Nov 14, 2018","21,846.48","21,851.13","21,990.41","21,764.88","775.39M","0.16%"
"Nov 13, 2018","21,810.52","21,885.24","21,892.29","21,484.65","883.90M","-2.06%"
"Nov 12, 2018","22,269.88","22,121.70","22,324.01","22,046.29","610.75M","0.09%"
"Nov 09, 2018","22,250.25","22,471.31","22,494.58","22,226.01","805.03M","-1.05%"
"Nov 08, 2018","22,486.92","22,446.01","22,583.43","22,421.00","844.09M","1.82%"
"Nov 07, 2018","22,085.80","22,189.74","22,444.65","21,996.94","993.18M","-0.28%"
"Nov 06, 2018","22,147.75","22,018.87","22,160.83","21,994.28","749.27M","1.14%"
"Nov 05, 2018","21,898.99","22,002.47","22,051.65","21,865.98","810.71M","-1.55%"
"Nov 02, 2018","22,243.66","21,761.58","22,308.42","21,751.33","1.05B","2.56%"
"Nov 01, 2018","21,687.65","21,906.41","21,906.41","21,628.45","1.05B","-1.06%"
"Oct 31, 2018","21,920.46","21,569.56","21,920.46","21,530.39","1.08B","2.16%"
"Oct 30, 2018","21,457.29","21,049.52","21,568.40","21,035.88","1.21B","1.45%"
"Oct 29, 2018","21,149.80","21,323.61","21,465.99","21,109.97","730.17M","-0.16%"
"Oct 26, 2018","21,184.60","21,440.84","21,476.66","20,971.93","958.10M","-0.40%"
"Oct 25, 2018","21,268.73","21,676.83","21,703.21","21,204.40","965.27M","-3.72%"
"Oct 24, 2018","22,091.18","22,167.76","22,207.09","21,911.42","864.52M","0.37%"
"Oct 23, 2018","22,010.78","22,404.14","22,410.15","21,993.07","826.57M","-2.67%"
"Oct 22, 2018","22,614.82","22,374.21","22,672.25","22,271.59","649.09M","0.37%"
"Oct 19, 2018","22,532.08","22,342.00","22,551.67","22,212.57","694.70M","-0.56%"
"Oct 18, 2018","22,658.16","22,871.28","22,873.13","22,637.29","662.84M","-0.80%"
"Oct 17, 2018","22,841.12","22,806.59","22,959.41","22,765.58","743.00M","1.29%"
"Oct 16, 2018","22,549.24","22,298.20","22,549.24","22,269.53","723.40M","1.25%"
"Oct 15, 2018","22,271.30","22,501.33","22,520.59","22,261.92","824.29M","-1.87%"
"Oct 12, 2018","22,694.66","22,323.43","22,711.13","22,323.43","1.03B","0.46%"
"Oct 11, 2018","22,590.86","23,043.37","23,051.19","22,459.02","1.19B","-3.89%"
"Oct 10, 2018","23,506.04","23,538.92","23,589.38","23,373.54","728.31M","0.16%"
"Oct 09, 2018","23,469.39","23,550.47","23,587.05","23,442.46","892.10M","-1.32%"
"Oct 05, 2018","23,783.72","23,781.76","23,928.62","23,730.19","871.86M","-0.80%"
"Oct 04, 2018","23,975.62","24,242.06","24,247.82","23,923.26","921.51M","-0.56%"
"Oct 03, 2018","24,110.96","24,219.19","24,260.63","24,030.59","734.70M","-0.66%"
"Oct 02, 2018","24,270.62","24,376.17","24,448.07","24,217.26","830.14M","0.10%"
"Oct 01, 2018","24,245.76","24,173.37","24,306.54","24,123.50","669.60M","0.52%"
"Sep 28, 2018","24,120.04","24,080.01","24,286.10","24,021.27","935.00M","1.36%"
"Sep 27, 2018","23,796.74","23,946.43","24,089.32","23,778.04","785.73M","-0.99%"
"Sep 26, 2018","24,033.79","23,846.60","24,033.79","23,833.92","867.65M","0.39%"
"Sep 25, 2018","23,940.26","23,881.85","23,950.98","23,808.95","1.04B","0.29%"
"Sep 21, 2018","23,869.93","23,848.63","23,971.41","23,764.05","1.24B","0.82%"
"Sep 20, 2018","23,674.93","23,752.79","23,781.75","23,582.15","1.05B","0.01%"
"Sep 19, 2018","23,672.52","23,754.96","23,842.05","23,672.52","964.62M","1.08%"
"Sep 18, 2018","23,420.54","23,042.19","23,481.53","23,039.26","933.74M","1.41%"
"Sep 14, 2018","23,094.67","23,035.78","23,105.28","22,965.48","1.06B","1.20%"
"Sep 13, 2018","22,821.32","22,657.95","22,858.41","22,643.88","773.08M","0.96%"
"Sep 12, 2018","22,604.61","22,702.71","22,709.37","22,522.17","822.69M","-0.27%"
"Sep 11, 2018","22,664.69","22,469.78","22,667.85","22,457.10","788.53M","1.30%"
"Sep 10, 2018","22,373.09","22,253.65","22,396.88","22,249.61","574.18M","0.30%"
"Sep 07, 2018","22,307.06","22,351.84","22,372.89","22,172.90","720.05M","-0.80%"
"Sep 06, 2018","22,487.94","22,458.97","22,535.34","22,416.63","640.78M","-0.41%"
"Sep 05, 2018","22,580.83","22,663.80","22,692.25","22,570.52","673.72M","-0.51%"
"Sep 04, 2018","22,696.90","22,740.05","22,753.18","22,612.15","538.72M","-0.05%"
"Sep 03, 2018","22,707.38","22,819.17","22,820.48","22,684.43","513.67M","-0.69%"
"Aug 31, 2018","22,865.15","22,733.25","22,890.61","22,678.03","701.66M","-0.02%"
"Aug 30, 2018","22,869.50","23,020.18","23,032.17","22,832.83","761.97M","0.09%"
"Aug 29, 2018","22,848.22","22,820.86","22,968.18","22,819.97","605.99M","0.15%"
"Aug 28, 2018","22,813.47","22,967.74","23,006.77","22,813.47","625.86M","0.06%"
"Aug 27, 2018","22,799.64","22,693.69","22,838.06","22,682.39","517.65M","0.88%"
"Aug 24, 2018","22,601.77","22,484.01","22,602.24","22,452.42","519.75M","0.85%"
"Aug 23, 2018","22,410.82","22,420.67","22,463.03","22,377.88","516.92M","0.22%"
"Aug 22, 2018","22,362.55","22,270.04","22,390.20","22,162.81","588.98M","0.64%"
"Aug 21, 2018","22,219.73","22,110.54","22,306.83","22,053.14","562.22M","0.09%"
"Aug 20, 2018","22,199.00","22,267.07","22,288.31","22,150.75","481.62M","-0.32%"
"Aug 17, 2018","22,270.38","22,313.19","22,340.95","22,244.10","577.54M","0.35%"
"Aug 16, 2018","22,192.04","21,980.82","22,240.42","21,871.70","802.62M","-0.05%"
"Aug 15, 2018","22,204.22","22,368.12","22,380.28","22,110.29","631.27M","-0.68%"
"Aug 14, 2018","22,356.08","22,053.07","22,356.08","22,047.19","614.85M","2.28%"
"Aug 13, 2018","21,857.43","22,117.57","22,124.60","21,851.32","801.82M","-1.98%"
"Aug 10, 2018","22,298.08","22,606.91","22,608.86","22,272.69","762.21M","-1.33%"
"Aug 09, 2018","22,598.39","22,591.54","22,648.88","22,497.99","637.21M","-0.20%"
"Aug 08, 2018","22,644.31","22,666.56","22,800.61","22,610.29","749.90M","-0.08%"
"Aug 07, 2018","22,662.74","22,514.31","22,666.68","22,499.05","715.16M","0.69%"
"Aug 06, 2018","22,507.32","22,536.05","22,635.68","22,486.74","690.55M","-0.08%"
"Aug 03, 2018","22,525.18","22,585.54","22,613.50","22,490.57","738.92M","0.06%"
"Aug 02, 2018","22,512.53","22,676.73","22,754.73","22,464.81","973.64M","-1.03%"
"Aug 01, 2018","22,746.70","22,642.18","22,775.47","22,615.98","1.04B","0.86%"
"Jul 31, 2018","22,553.72","22,472.12","22,678.06","22,352.21","1.19B","0.04%"
"Jul 30, 2018","22,544.84","22,613.30","22,631.32","22,518.94","785.71M","-0.74%"
"Jul 27, 2018","22,712.75","22,646.48","22,712.75","22,593.20","754.91M","0.56%"
"Jul 26, 2018","22,586.87","22,711.59","22,717.15","22,549.77","718.25M","-0.12%"
"Jul 25, 2018","22,614.25","22,594.28","22,645.66","22,547.14","604.86M","0.46%"
"Jul 24, 2018","22,510.48","22,555.05","22,555.05","22,416.23","725.76M","0.51%"
"Jul 23, 2018","22,396.99","22,480.33","22,507.17","22,341.87","906.89M","-1.33%"
"Jul 20, 2018","22,697.88","22,734.56","22,869.98","22,541.35","719.15M","-0.29%"
"Jul 19, 2018","22,764.68","22,871.62","22,926.47","22,761.87","643.17M","-0.13%"
"Jul 18, 2018","22,794.19","22,917.52","22,949.32","22,794.19","582.01M","0.43%"
"Jul 17, 2018","22,697.36","22,605.73","22,832.22","22,575.42","780.88M","0.44%"
"Jul 13, 2018","22,597.35","22,397.62","22,692.86","22,316.52","748.16M","1.85%"
"Jul 12, 2018","22,187.96","22,036.87","22,233.52","22,019.19","663.58M","1.17%"
"Jul 11, 2018","21,932.21","22,002.14","22,044.62","21,744.25","771.89M","-1.19%"
"Jul 10, 2018","22,196.89","22,215.34","22,321.60","22,196.89","934.95M","0.66%"
"Jul 09, 2018","22,052.18","21,838.53","22,105.95","21,825.76","630.77M","1.21%"
"Jul 06, 2018","21,788.14","21,647.66","21,866.16","21,642.96","738.44M","1.12%"
"Jul 05, 2018","21,546.99","21,697.44","21,751.50","21,462.95","688.37M","-0.78%"
"Jul 04, 2018","21,717.04","21,679.00","21,784.00","21,604.18","640.87M","-0.31%"
"Jul 03, 2018","21,785.54","21,889.06","21,927.81","21,574.56","788.80M","-0.12%"
"Jul 02, 2018","21,811.93","22,233.80","22,312.25","21,784.48","692.50M","-2.21%"
"Jun 29, 2018","22,304.51","22,314.47","22,332.82","22,145.48","699.80M","0.15%"
"Jun 28, 2018","22,270.39","22,195.19","22,299.39","22,038.40","721.98M","-0.01%"
"Jun 27, 2018","22,271.77","22,320.88","22,356.54","22,205.34","677.77M","-0.31%"
"Jun 26, 2018","22,342.00","22,160.33","22,368.78","22,104.12","735.17M","0.02%"
"Jun 25, 2018","22,338.15","22,543.56","22,556.55","22,312.79","625.48M","-0.79%"
"Jun 22, 2018","22,516.83","22,456.45","22,535.65","22,414.18","886.10M","-0.78%"
"Jun 21, 2018","22,693.04","22,523.28","22,782.01","22,491.08","783.00M","0.61%"
"Jun 20, 2018","22,555.43","22,338.53","22,581.40","22,167.16","917.02M","1.24%"
"Jun 19, 2018","22,278.48","22,565.92","22,618.52","22,278.48","818.90M","-1.77%"
"Jun 18, 2018","22,680.33","22,806.57","22,806.89","22,601.13","669.85M","-0.75%"
"Jun 15, 2018","22,851.75","22,883.24","22,885.84","22,770.38","912.37M","0.50%"
"Jun 14, 2018","22,738.61","22,842.96","22,898.39","22,738.61","742.71M","-0.99%"
"Jun 13, 2018","22,966.38","22,896.17","22,993.26","22,895.31","587.74M","0.38%"
"Jun 12, 2018","22,878.35","22,977.22","23,011.57","22,797.73","659.02M","0.33%"
"Jun 11, 2018","22,804.04","22,686.95","22,856.08","22,667.30","573.98M","0.48%"
"Jun 08, 2018","22,694.50","22,799.38","22,879.00","22,694.50","877.58M","-0.56%"
"Jun 07, 2018","22,823.26","22,748.72","22,856.37","22,732.18","743.58M","0.87%"
"Jun 06, 2018","22,625.73","22,520.31","22,662.82","22,498.59","700.13M","0.38%"
"Jun 05, 2018","22,539.54","22,552.17","22,602.13","22,470.04","678.02M","0.28%"
"Jun 04, 2018","22,475.94","22,365.09","22,515.72","22,355.83","741.23M","1.37%"
"Jun 01, 2018","22,171.35","22,126.25","22,316.91","22,098.04","850.36M","-0.14%"
"May 31, 2018","22,201.82","22,163.40","22,254.42","22,098.00","1.37B","0.83%"
"May 30, 2018","22,018.52","22,051.97","22,079.23","21,931.65","933.23M","-1.52%"
"May 29, 2018","22,358.43","22,431.95","22,439.10","22,240.39","616.42M","-0.55%"
"May 28, 2018","22,481.09","22,488.95","22,547.67","22,410.91","545.11M","0.13%"
"May 25, 2018","22,450.79","22,380.22","22,509.36","22,318.15","725.57M","0.06%"
"May 24, 2018","22,437.01","22,621.29","22,644.69","22,366.60","881.97M","-1.11%"
"May 23, 2018","22,689.74","22,868.79","22,949.73","22,649.85","773.14M","-1.18%"
"May 22, 2018","22,960.34","23,025.95","23,031.67","22,952.87","612.26M","-0.18%"
"May 21, 2018","23,002.37","22,937.58","23,050.39","22,935.31","608.97M","0.31%"
"May 18, 2018","22,930.36","22,907.20","22,954.19","22,867.30","672.85M","0.40%"
"May 17, 2018","22,838.37","22,820.62","22,887.03","22,799.16","779.17M","0.53%"
"May 16, 2018","22,717.23","22,730.12","22,796.14","22,695.84","826.58M","-0.44%"
"May 15, 2018","22,818.02","22,889.47","22,912.06","22,805.72","891.34M","-0.21%"
"May 14, 2018","22,865.86","22,705.30","22,894.76","22,683.64","709.81M","0.47%"
"May 11, 2018","22,758.48","22,573.95","22,769.16","22,545.47","827.48M","1.16%"
"May 10, 2018","22,497.18","22,482.51","22,530.64","22,418.75","755.87M","0.39%"
"May 09, 2018","22,408.88","22,463.01","22,478.64","22,364.75","887.14M","-0.44%"
"May 08, 2018","22,508.69","22,440.65","22,566.68","22,423.23","794.46M","0.18%"
"May 07, 2018","22,467.16","22,513.22","22,513.48","22,350.91","710.78M","-0.03%"
"May 02, 2018","22,472.78","22,568.19","22,568.19","22,426.55","728.58M","-0.16%"
"May 01, 2018","22,508.03","22,453.42","22,519.45","22,411.43","926.77M","0.18%"
"Apr 27, 2018","22,467.87","22,466.66","22,495.56","22,357.53","919.19M","0.66%"
"Apr 26, 2018","22,319.61","22,278.77","22,381.66","22,265.20","750.73M","0.47%"
"Apr 25, 2018","22,215.32","22,118.62","22,228.78","22,080.76","755.98M","-0.28%"
"Apr 24, 2018","22,278.12","22,228.82","22,304.69","22,149.59","789.32M","0.86%"
"Apr 23, 2018","22,088.04","22,157.88","22,204.86","22,065.52","659.95M","-0.33%"
"Apr 20, 2018","22,162.24","22,148.22","22,261.35","22,076.63","718.22M","-0.13%"
"Apr 19, 2018","22,191.18","22,231.86","22,360.65","22,176.86","821.70M","0.15%"
"Apr 18, 2018","22,158.20","21,929.01","22,194.11","21,914.96","726.08M","1.42%"
"Apr 17, 2018","21,847.59","21,801.83","21,889.89","21,772.42","592.46M","0.06%"
"Apr 16, 2018","21,835.53","21,843.55","21,879.69","21,775.61","550.31M","0.26%"
"Apr 13, 2018","21,778.74","21,801.41","21,917.35","21,746.69","754.05M","0.55%"
"Apr 12, 2018","21,660.28","21,657.87","21,719.43","21,591.39","601.81M","-0.12%"
"Apr 11, 2018","21,687.10","21,819.09","21,837.36","21,687.10","716.52M","-0.49%"
"Apr 10, 2018","21,794.32","21,599.67","21,933.99","21,542.37","770.25M","0.54%"
"Apr 09, 2018","21,678.26","21,534.33","21,737.09","21,517.77","640.43M","0.51%"
"Apr 06, 2018","21,567.52","21,633.73","21,742.84","21,550.42","767.06M","-0.36%"
"Apr 05, 2018","21,645.42","21,541.18","21,737.66","21,462.10","832.02M","1.53%"
"Apr 04, 2018","21,319.55","21,415.85","21,415.85","21,238.18","779.10M","0.13%"
"Apr 03, 2018","21,292.29","21,115.48","21,333.50","21,056.02","657.95M","-0.45%"
"Apr 02, 2018","21,388.58","21,441.57","21,597.47","21,388.58","490.33M","-0.31%"
"Mar 30, 2018","21,454.30","21,392.42","21,512.80","21,311.50","655.77M","1.40%"
"Mar 29, 2018","21,159.08","21,250.96","21,298.57","20,996.22","813.22M","0.61%"
"Mar 28, 2018","21,031.31","20,893.05","21,031.31","20,776.82","908.13M","-1.34%"
"Mar 27, 2018","21,317.32","20,958.90","21,317.32","20,943.31","1.05B","2.65%"
"Mar 26, 2018","20,766.10","20,423.37","20,766.10","20,347.49","1.00B","0.72%"
"Mar 23, 2018","20,617.86","21,188.80","21,188.80","20,559.61","1.25B","-4.51%"
"Mar 22, 2018","21,591.99","21,352.16","21,592.00","21,349.71","851.61M","0.99%"
"Mar 20, 2018","21,380.97","21,297.98","21,384.86","21,223.97","685.64M","-0.47%"
"Mar 19, 2018","21,480.90","21,537.90","21,659.04","21,366.88","693.52M","-0.90%"
"Mar 16, 2018","21,676.51","21,876.53","21,879.28","21,632.85","779.92M","-0.58%"
"Mar 15, 2018","21,803.95","21,704.14","21,825.97","21,555.49","672.61M","0.12%"
"Mar 14, 2018","21,777.29","21,764.99","21,881.09","21,684.02","669.69M","-0.87%"
"Mar 13, 2018","21,968.10","21,742.45","21,968.10","21,700.78","702.20M","0.66%"
"Mar 12, 2018","21,824.03","21,826.10","21,971.16","21,689.97","728.26M","1.65%"
"Mar 09, 2018","21,469.20","21,594.22","21,884.45","21,357.55","1.14B","0.47%"
"Mar 08, 2018","21,368.07","21,488.16","21,488.16","21,299.40","742.54M","0.54%"
"Mar 07, 2018","21,252.72","21,261.96","21,484.08","21,201.94","897.30M","-0.77%"
"Mar 06, 2018","21,417.76","21,390.20","21,551.14","21,381.42","787.62M","1.79%"
"Mar 05, 2018","21,042.09","21,047.81","21,164.38","20,937.26","898.57M","-0.66%"
"Mar 02, 2018","21,181.64","21,339.98","21,366.09","21,088.96","1.00B","-2.50%"
"Mar 01, 2018","21,724.47","21,901.13","21,901.13","21,645.22","930.67M","-1.56%"
"Feb 28, 2018","22,068.24","22,292.53","22,380.28","22,068.24","914.90M","-1.44%"
"Feb 27, 2018","22,389.86","22,391.67","22,502.05","22,325.07","765.76M","1.07%"
"Feb 26, 2018","22,153.63","22,134.64","22,226.53","22,040.87","665.57M","1.19%"
"Feb 23, 2018","21,892.78","21,789.72","21,903.39","21,741.63","665.76M","0.72%"
"Feb 22, 2018","21,736.44","21,789.88","21,799.40","21,626.85","796.71M","-1.07%"
"Feb 21, 2018","21,970.81","21,942.42","22,130.58","21,836.73","803.49M","0.21%"
"Feb 20, 2018","21,925.10","22,054.32","22,063.87","21,831.45","696.27M","-1.01%"
"Feb 19, 2018","22,149.21","21,903.66","22,152.85","21,858.33","706.08M","1.97%"
"Feb 16, 2018","21,720.25","21,555.99","21,866.37","21,499.88","801.70M","1.19%"
"Feb 15, 2018","21,464.98","21,384.10","21,578.99","21,308.92","891.14M","1.47%"
"Feb 14, 2018","21,154.17","21,251.24","21,371.01","20,950.15","1.07B","-0.43%"
"Feb 13, 2018","21,244.68","21,633.34","21,679.20","21,211.53","1.18B","-0.65%"
"Feb 09, 2018","21,382.62","21,507.74","21,510.30","21,119.01","1.32B","-2.32%"
"Feb 08, 2018","21,890.86","21,721.57","21,977.03","21,649.70","1.08B","1.13%"
"Feb 07, 2018","21,645.37","22,001.29","22,353.87","21,627.13","1.48B","0.16%"
"Feb 06, 2018","21,610.24","22,267.00","22,277.45","21,078.71","1.96B","-4.73%"
"Feb 05, 2018","22,682.08","22,921.16","22,967.69","22,659.43","1.11B","-2.55%"
"Feb 02, 2018","23,274.53","23,361.67","23,367.96","23,122.45","1.02B","-0.90%"
"Feb 01, 2018","23,486.11","23,276.10","23,492.77","23,211.12","1.05B","1.68%"
"Jan 31, 2018","23,098.29","23,205.23","23,375.38","23,092.85","1.03B","-0.83%"
"Jan 30, 2018","23,291.97","23,559.33","23,581.98","23,233.37","914.75M","-1.43%"
"Jan 29, 2018","23,629.34","23,707.14","23,787.23","23,580.17","708.86M","-0.01%"
"Jan 26, 2018","23,631.88","23,757.34","23,797.96","23,592.28","898.74M","-0.16%"
"Jan 25, 2018","23,669.49","23,750.65","23,828.40","23,649.03","840.06M","-1.13%"
"Jan 24, 2018","23,940.78","24,026.43","24,072.77","23,917.14","824.27M","-0.76%"
"Jan 23, 2018","24,124.15","23,924.40","24,129.34","23,916.02","757.50M","1.29%"
"Jan 22, 2018","23,816.33","23,797.84","23,816.33","23,697.81","671.64M","0.03%"
"Jan 19, 2018","23,808.06","23,854.11","23,872.69","23,735.61","740.33M","0.19%"
"Jan 18, 2018","23,763.37","24,078.93","24,084.42","23,699.47","1.03B","-0.44%"
"Jan 17, 2018","23,868.34","23,783.42","23,891.63","23,739.17","847.43M","-0.35%"
"Jan 16, 2018","23,951.81","23,721.17","23,962.07","23,701.83","706.43M","1.00%"
"Jan 15, 2018","23,714.88","23,827.98","23,833.27","23,685.02","776.95M","0.26%"
"Jan 12, 2018","23,653.82","23,719.66","23,743.05","23,588.07","966.08M","-0.24%"
"Jan 11, 2018","23,710.43","23,656.39","23,734.97","23,601.84","862.80M","-0.33%"
"Jan 10, 2018","23,788.20","23,832.81","23,864.76","23,755.45","914.88M","-0.26%"
"Jan 09, 2018","23,849.99","23,948.97","23,952.61","23,789.03","970.17M","0.57%"
"Jan 05, 2018","23,714.53","23,643.00","23,730.47","23,520.52","1.05B","0.89%"
"Jan 04, 2018","23,506.33","23,073.73","23,506.33","23,065.20","1.05B","3.26%"
"Dec 29, 2017","22,764.94","22,831.49","22,881.21","22,753.20","478.72M","-0.08%"
"Dec 28, 2017","22,783.98","22,912.05","22,954.45","22,736.43","519.04M","-0.56%"
"Dec 27, 2017","22,911.21","22,854.39","22,936.16","22,854.39","487.44M","0.08%"
"Dec 26, 2017","22,892.69","22,922.95","22,950.15","22,877.63","477.84M","-0.20%"
"Dec 25, 2017","22,939.18","22,909.41","22,948.83","22,870.19","444.48M","0.16%"
"Dec 22, 2017","22,902.76","22,850.73","22,908.84","22,801.16","802.25M","0.16%"
"Dec 21, 2017","22,866.10","22,852.01","22,894.95","22,728.06","753.33M","-0.11%"
"Dec 20, 2017","22,891.72","22,834.93","22,923.50","22,806.73","952.70M","0.10%"
"Dec 19, 2017","22,868.00","22,961.47","22,990.42","22,862.82","726.76M","-0.15%"
"Dec 18, 2017","22,901.77","22,770.44","22,927.50","22,735.20","878.11M","1.55%"
"Dec 15, 2017","22,553.22","22,621.36","22,745.09","22,478.32","1.03B","-0.62%"
"Dec 14, 2017","22,694.45","22,699.30","22,786.61","22,638.76","876.58M","-0.28%"
"Dec 13, 2017","22,758.07","22,879.27","22,879.37","22,697.32","941.92M","-0.47%"
"Dec 12, 2017","22,866.17","22,936.41","22,994.33","22,834.89","888.24M","-0.32%"
"Dec 11, 2017","22,938.73","22,894.30","22,938.73","22,787.40","716.03M","0.56%"
"Dec 08, 2017","22,811.08","22,627.95","22,819.71","22,625.41","1.10B","1.39%"
"Dec 07, 2017","22,498.03","22,317.15","22,515.24","22,317.15","820.30M","1.45%"
"Dec 06, 2017","22,177.04","22,525.38","22,528.21","22,119.21","1.00B","-1.97%"
"Dec 05, 2017","22,622.38","22,595.33","22,682.71","22,522.28","781.76M","-0.37%"
"Dec 04, 2017","22,707.16","22,843.53","22,864.33","22,693.99","710.49M","-0.49%"
"Dec 01, 2017","22,819.03","22,916.93","22,994.31","22,675.07","924.74M","0.41%"
"Nov 30, 2017","22,724.96","22,601.83","22,748.32","22,502.68","1.45B","0.57%"
"Nov 29, 2017","22,597.20","22,613.96","22,643.93","22,537.12","935.38M","0.49%"
"Nov 28, 2017","22,486.24","22,474.74","22,580.99","22,363.94","791.60M","-0.04%"
"Nov 27, 2017","22,495.99","22,657.08","22,659.33","22,423.40","687.22M","-0.24%"
"Nov 24, 2017","22,550.85","22,390.14","22,567.20","22,381.01","667.53M","0.12%"
"Nov 22, 2017","22,523.15","22,601.55","22,677.34","22,513.44","835.59M","0.48%"
"Nov 21, 2017","22,416.48","22,456.79","22,563.25","22,416.48","785.02M","0.70%"
"Nov 20, 2017","22,261.76","22,279.98","22,410.24","22,215.07","738.96M","-0.60%"
"Nov 17, 2017","22,396.80","22,603.30","22,757.40","22,319.12","1.17B","0.20%"
"Nov 16, 2017","22,351.12","21,975.23","22,392.13","21,972.34","995.95M","1.47%"
"Nov 15, 2017","22,028.32","22,250.98","22,305.24","22,004.79","1.24B","-1.57%"
"Nov 14, 2017","22,380.01","22,342.93","22,532.30","22,323.24","989.45M","-0.00%"
"Nov 13, 2017","22,380.99","22,607.56","22,607.92","22,380.99","831.86M","-1.32%"
"Nov 10, 2017","22,681.42","22,580.70","22,724.39","22,511.93","1.10B","-0.82%"
"Nov 09, 2017","22,868.71","22,989.44","23,382.15","22,522.83","1.65B","-0.20%"
"Nov 08, 2017","22,913.82","22,849.91","22,922.80","22,759.07","1.03B","-0.10%"
"Nov 07, 2017","22,937.60","22,518.75","22,953.18","22,512.91","1.11B","1.73%"
"Nov 06, 2017","22,548.35","22,612.96","22,644.68","22,435.34","1.15B","0.04%"
"Nov 02, 2017","22,539.12","22,512.18","22,540.25","22,400.01","1.09B","0.53%"
"Nov 01, 2017","22,420.08","22,144.92","22,455.92","22,130.03","1.16B","1.86%"
"Oct 31, 2017","22,011.61","21,897.29","22,020.38","21,840.07","1.06B","-0.00%"
"Oct 30, 2017","22,011.67","22,047.95","22,086.88","21,921.24","1.40B","0.01%"
"Oct 27, 2017","22,008.45","21,903.27","22,016.50","21,815.72","1.24B","1.24%"
"Oct 26, 2017","21,739.78","21,698.95","21,793.62","21,688.56","851.78M","0.15%"
"Oct 25, 2017","21,707.62","21,900.13","21,921.36","21,648.35","1.26B","-0.45%"
"Oct 24, 2017","21,805.17","21,670.00","21,805.17","21,646.52","909.35M","0.50%"
"Oct 23, 2017","21,696.65","21,709.30","21,723.60","21,614.51","901.47M","1.11%"
"Oct 20, 2017","21,457.64","21,390.95","21,489.26","21,363.10","883.84M","0.04%"
"Oct 19, 2017","21,448.52","21,450.04","21,503.85","21,381.52","872.21M","0.40%"
"Oct 18, 2017","21,363.05","21,374.66","21,402.76","21,317.67","749.50M","0.13%"
"Oct 17, 2017","21,336.12","21,352.17","21,393.96","21,230.67","953.06M","0.38%"
"Oct 16, 2017","21,255.56","21,221.27","21,347.07","21,187.93","1.06B","0.47%"
"Oct 13, 2017","21,155.18","20,959.66","21,211.29","20,933.00","1.14B","0.96%"
"Oct 12, 2017","20,954.72","20,958.18","20,994.40","20,917.04","828.76M","0.35%"
"Oct 11, 2017","20,881.27","20,803.71","20,898.41","20,788.12","826.59M","0.28%"
"Oct 10, 2017","20,823.51","20,680.54","20,823.66","20,663.08","807.15M","0.64%"
"Oct 06, 2017","20,690.71","20,716.85","20,721.15","20,659.15","781.86M","0.30%"
"Oct 05, 2017","20,628.56","20,650.71","20,667.47","20,602.26","590.57M","0.01%"
"Oct 04, 2017","20,626.66","20,660.81","20,689.08","20,592.18","758.47M","0.06%"
"Oct 03, 2017","20,614.07","20,475.25","20,628.38","20,438.17","749.77M","1.05%"
"Oct 02, 2017","20,400.78","20,400.51","20,411.33","20,363.28","697.04M","0.22%"
"Sep 29, 2017","20,356.28","20,315.34","20,370.33","20,285.06","876.67M","-0.03%"
"Sep 28, 2017","20,363.11","20,398.63","20,399.87","20,299.68","865.99M","0.47%"
"Sep 27, 2017","20,267.05","20,269.82","20,278.09","20,213.66","655.94M","-0.31%"
"Sep 26, 2017","20,330.19","20,349.26","20,385.50","20,303.98","978.61M","-0.33%"
"Sep 25, 2017","20,397.58","20,439.43","20,454.29","20,367.03","854.46M","0.50%"
"Sep 22, 2017","20,296.45","20,413.61","20,417.07","20,249.24","984.15M","-0.25%"
"Sep 21, 2017","20,347.48","20,456.50","20,481.27","20,332.69","1.19B","0.18%"
"Sep 20, 2017","20,310.46","20,301.33","20,339.37","20,272.82","1.04B","0.05%"
"Sep 19, 2017","20,299.38","20,128.18","20,320.78","20,122.00","1.25B","1.96%"
"Sep 15, 2017","19,909.50","19,793.80","19,933.40","19,787.65","1.15B","0.52%"
"Sep 14, 2017","19,807.44","19,860.37","19,918.39","19,793.85","966.18M","-0.29%"
"Sep 13, 2017","19,865.82","19,873.69","19,888.84","19,845.02","871.09M","0.45%"
"Sep 12, 2017","19,776.62","19,736.14","19,792.06","19,718.80","926.53M","1.18%"
"Sep 11, 2017","19,545.77","19,441.39","19,567.03","19,437.14","811.39M","1.41%"
"Sep 08, 2017","19,274.82","19,297.96","19,357.49","19,239.52","1.10B","-0.63%"
"Sep 07, 2017","19,396.52","19,433.44","19,482.72","19,365.75","843.69M","0.20%"
"Sep 06, 2017","19,357.97","19,286.06","19,371.38","19,254.67","911.72M","-0.14%"
"Sep 05, 2017","19,385.81","19,533.38","19,542.78","19,354.59","800.23M","-0.63%"
"Sep 04, 2017","19,508.25","19,615.96","19,628.40","19,479.40","738.55M","-0.93%"
"Sep 01, 2017","19,691.47","19,733.57","19,735.96","19,620.07","819.09M","0.23%"
"Aug 31, 2017","19,646.24","19,591.32","19,687.99","19,583.11","1.01B","0.72%"
"Aug 30, 2017","19,506.54","19,480.98","19,538.23","19,435.10","945.91M","0.74%"
"Aug 29, 2017","19,362.55","19,319.11","19,371.90","19,280.02","772.63M","-0.45%"
"Aug 28, 2017","19,449.90","19,502.23","19,535.50","19,420.50","715.93M","-0.01%"
"Aug 25, 2017","19,452.61","19,401.12","19,485.97","19,384.37","728.55M","0.51%"
"Aug 24, 2017","19,353.77","19,366.36","19,428.55","19,351.92","777.39M","-0.42%"
"Aug 23, 2017","19,434.64","19,547.05","19,561.32","19,408.47","809.46M","0.26%"
"Aug 22, 2017","19,383.84","19,373.11","19,437.25","19,361.95","726.90M","-0.05%"
"Aug 21, 2017","19,393.13","19,509.53","19,509.53","19,365.65","776.36M","-0.40%"
"Aug 18, 2017","19,470.41","19,471.27","19,543.13","19,433.09","986.82M","-1.18%"
"Aug 17, 2017","19,702.63","19,707.75","19,739.04","19,679.37","741.01M","-0.14%"
"Aug 16, 2017","19,729.28","19,750.55","19,776.86","19,719.08","715.40M","-0.12%"
"Aug 15, 2017","19,753.31","19,689.38","19,824.12","19,656.91","930.70M","1.11%"
"Aug 14, 2017","19,537.10","19,545.58","19,598.41","19,486.48","1.12B","-0.98%"
"Aug 10, 2017","19,729.74","19,792.45","19,829.88","19,685.83","1.07B","-0.05%"
"Aug 09, 2017","19,738.71","19,928.96","19,945.28","19,660.22","1.08B","-1.29%"
"Aug 08, 2017","19,996.01","20,062.65","20,076.80","19,970.57","829.08M","-0.30%"
"Aug 07, 2017","20,055.89","20,059.29","20,085.90","20,037.40","776.31M","0.52%"
"Aug 04, 2017","19,952.33","19,949.79","19,984.51","19,933.59","789.01M","-0.38%"
"Aug 03, 2017","20,029.26","20,066.00","20,070.16","19,985.40","921.11M","-0.25%"
"Aug 02, 2017","20,080.04","20,057.07","20,113.73","20,022.05","986.34M","0.47%"
"Aug 01, 2017","19,985.79","19,907.08","20,000.46","19,904.72","1.13B","0.30%"
"Jul 31, 2017","19,925.18","19,933.45","19,983.90","19,891.90","1.45B","-0.17%"
"Jul 28, 2017","19,959.84","20,048.46","20,056.16","19,926.60","1.12B","-0.60%"
"Jul 27, 2017","20,079.64","20,026.58","20,176.39","20,005.20","926.96M","0.15%"
"Jul 26, 2017","20,050.16","20,098.14","20,116.00","20,016.58","880.73M","0.48%"
"Jul 25, 2017","19,955.20","19,979.56","20,036.31","19,941.61","723.42M","-0.10%"
"Jul 24, 2017","19,975.67","19,973.67","20,002.54","19,901.88","837.92M","-0.62%"
"Jul 21, 2017","20,099.75","20,089.86","20,135.33","20,081.91","810.92M","-0.22%"
"Jul 20, 2017","20,144.59","20,046.90","20,157.11","20,032.23","833.19M","0.62%"
"Jul 19, 2017","20,020.86","19,970.78","20,032.46","19,947.26","837.01M","0.10%"
"Jul 18, 2017","19,999.91","20,074.41","20,081.29","19,943.14","963.16M","-0.59%"
"Jul 14, 2017","20,118.86","20,157.92","20,163.67","20,101.71","857.01M","0.09%"
"Jul 13, 2017","20,099.81","20,177.28","20,183.80","20,062.27","932.86M","0.01%"
"Jul 12, 2017","20,098.38","20,137.22","20,153.04","20,061.16","839.36M","-0.48%"
"Jul 11, 2017","20,195.48","20,073.86","20,200.88","20,070.67","796.97M","0.57%"
"Jul 10, 2017","20,080.98","20,070.44","20,127.76","20,023.03","883.71M","0.76%"
"Jul 07, 2017","19,929.09","19,856.65","19,979.93","19,856.65","946.99M","-0.32%"
"Jul 06, 2017","19,994.06","20,061.68","20,078.88","19,947.63","955.81M","-0.44%"
"Jul 05, 2017","20,081.63","20,015.07","20,087.01","19,888.90","974.51M","0.25%"
"Jul 04, 2017","20,032.35","20,192.27","20,197.16","19,971.53","1.03B","-0.12%"
"Jul 03, 2017","20,055.80","20,056.32","20,096.14","20,030.61","859.51M","0.11%"
"Jun 30, 2017","20,033.43","20,025.63","20,044.01","19,946.51","1.20B","-0.92%"
"Jun 29, 2017","20,220.30","20,260.87","20,266.59","20,197.38","1.23B","0.45%"
"Jun 28, 2017","20,130.41","20,149.20","20,224.30","20,110.49","1.19B","-0.47%"
"Jun 27, 2017","20,225.09","20,229.12","20,250.10","20,185.19","930.62M","0.36%"
"Jun 26, 2017","20,153.35","20,132.81","20,196.38","20,119.04","793.88M","0.10%"
"Jun 23, 2017","20,132.67","20,152.58","20,152.58","20,089.54","829.78M","0.11%"
"Jun 22, 2017","20,110.51","20,154.38","20,191.42","20,107.89","872.10M","-0.14%"
"Jun 21, 2017","20,138.79","20,192.16","20,215.11","20,117.79","977.75M","-0.45%"
"Jun 20, 2017","20,230.41","20,234.12","20,318.11","20,227.29","1.02B","0.81%"
"Jun 19, 2017","20,067.75","19,974.30","20,087.71","19,949.88","822.32M","0.62%"
"Jun 16, 2017","19,943.26","19,931.15","20,015.16","19,884.80","1.40B","0.56%"
"Jun 15, 2017","19,831.82","19,815.54","19,963.36","19,755.34","1.10B","-0.26%"
"Jun 14, 2017","19,883.52","19,974.56","20,009.93","19,879.60","957.58M","-0.08%"
"Jun 13, 2017","19,898.75","19,859.81","19,929.03","19,850.86","1.00B","-0.05%"
"Jun 12, 2017","19,908.58","19,920.77","19,949.07","19,837.64","1.16B","-0.52%"
"Jun 09, 2017","20,013.26","19,953.06","20,096.01","19,927.07","1.50B","0.52%"
"Jun 08, 2017","19,909.26","20,048.28","20,061.22","19,896.35","1.29B","-0.38%"
"Jun 07, 2017","19,984.62","19,951.68","20,023.24","19,908.07","1.02B","0.02%"
"Jun 06, 2017","19,979.90","20,122.26","20,152.95","19,948.02","1.05B","-0.95%"
"Jun 05, 2017","20,170.82","20,135.42","20,224.54","20,104.13","1.02B","-0.03%"
"Jun 02, 2017","20,177.28","19,970.23","20,239.81","19,967.00","1.55B","1.60%"
"Jun 01, 2017","19,860.03","19,692.16","19,887.66","19,686.32","1.07B","1.07%"
"May 31, 2017","19,650.57","19,630.33","19,673.51","19,589.25","1.29B","-0.14%"
"May 30, 2017","19,677.85","19,681.11","19,691.44","19,570.13","748.02M","-0.02%"
"May 29, 2017","19,682.57","19,697.18","19,736.62","19,627.19","693.75M","-0.02%"
"May 26, 2017","19,686.84","19,798.49","19,801.59","19,686.49","870.74M","-0.64%"
"May 25, 2017","19,813.13","19,737.21","19,850.93","19,720.12","979.88M","0.36%"
"May 24, 2017","19,742.98","19,777.56","19,782.81","19,690.10","1.04B","0.66%"
"May 23, 2017","19,613.28","19,647.74","19,693.02","19,585.54","859.79M","-0.33%"
"May 22, 2017","19,678.28","19,670.48","19,722.93","19,618.73","808.62M","0.45%"
"May 19, 2017","19,590.76","19,591.41","19,628.64","19,497.29","1.19B","0.19%"
"May 18, 2017","19,553.86","19,556.99","19,601.53","19,449.73","1.40B","-1.32%"
"May 17, 2017","19,814.88","19,806.78","19,842.78","19,764.63","1.22B","-0.53%"
"May 16, 2017","19,919.82","19,953.06","19,998.49","19,862.41","1.35B","0.25%"
"May 15, 2017","19,869.85","19,753.46","19,869.85","19,740.63","1.32B","-0.07%"
"May 12, 2017","19,883.90","19,941.64","19,941.64","19,809.91","1.41B","-0.39%"
"May 11, 2017","19,961.55","19,943.95","19,989.94","19,906.35","1.41B","0.31%"
"May 10, 2017","19,900.09","19,890.56","19,938.53","19,866.30","1.33B","0.29%"
"May 09, 2017","19,843.00","19,915.64","19,917.45","19,838.71","1.27B","-0.26%"
"May 08, 2017","19,895.70","19,709.01","19,929.48","19,705.13","1.53B","2.31%"
"May 02, 2017","19,445.70","19,335.72","19,464.30","19,335.02","1.16B","0.70%"
"May 01, 2017","19,310.52","19,154.03","19,311.21","19,144.62","1.10B","0.59%"
"Apr 28, 2017","19,196.74","19,240.65","19,264.57","19,164.68","1.21B","-0.29%"
"Apr 27, 2017","19,251.87","19,205.59","19,281.70","19,199.59","1.20B","-0.19%"
"Apr 26, 2017","19,289.43","19,184.92","19,289.43","19,170.86","1.33B","1.10%"
"Apr 25, 2017","19,079.33","18,872.56","19,109.76","18,867.19","1.22B","1.08%"
"Apr 24, 2017","18,875.88","18,890.38","18,910.33","18,840.13","1.01B","1.37%"
"Apr 21, 2017","18,620.75","18,591.82","18,648.28","18,542.42","1.17B","1.03%"
"Apr 20, 2017","18,430.49","18,446.39","18,523.40","18,420.82","1.20B","-0.01%"
"Apr 19, 2017","18,432.20","18,327.33","18,467.73","18,327.33","1.25B","0.07%"
"Apr 18, 2017","18,418.59","18,497.38","18,547.46","18,362.73","961.99M","0.35%"
"Apr 17, 2017","18,355.26","18,239.84","18,361.44","18,224.68","891.28M","0.11%"
"Apr 14, 2017","18,335.63","18,531.91","18,531.91","18,285.73","1.19B","-0.49%"
"Apr 13, 2017","18,426.84","18,391.72","18,455.25","18,304.72","1.27B","-0.68%"
"Apr 12, 2017","18,552.61","18,592.10","18,602.50","18,460.59","1.20B","-1.04%"
"Apr 11, 2017","18,747.87","18,717.55","18,767.70","18,661.86","1.08B","-0.27%"
"Apr 10, 2017","18,797.88","18,800.22","18,850.80","18,762.70","1.11B","0.71%"
"Apr 07, 2017","18,664.63","18,714.98","18,785.73","18,517.43","1.62B","0.36%"
"Apr 06, 2017","18,597.06","18,754.37","18,797.44","18,532.65","1.34B","-1.40%"
"Apr 05, 2017","18,861.27","18,900.70","18,941.94","18,773.94","1.22B","0.27%"
"Apr 04, 2017","18,810.25","18,933.82","18,947.33","18,703.63","1.47B","-0.91%"
"Apr 03, 2017","18,983.23","18,988.00","19,068.62","18,920.52","1.34B","0.39%"
"Mar 31, 2017","18,909.26","19,170.42","19,210.92","18,909.26","1.49B","-0.81%"
"Mar 30, 2017","19,063.22","19,150.82","19,218.08","19,043.48","1.25B","-0.80%"
"Mar 29, 2017","19,217.48","19,216.78","19,251.30","19,164.61","1.15B","0.08%"
"Mar 28, 2017","19,202.87","19,159.07","19,203.64","19,113.44","1.22B","1.14%"
"Mar 27, 2017","18,985.59","19,071.19","19,086.89","18,932.09","1.21B","-1.44%"
"Mar 24, 2017","19,262.53","19,066.35","19,296.05","19,060.64","1.28B","0.93%"
"Mar 23, 2017","19,085.31","19,048.84","19,105.11","18,973.75","1.21B","0.23%"
"Mar 22, 2017","19,041.38","19,146.62","19,183.27","19,026.53","1.37B","-2.13%"
"Mar 21, 2017","19,455.88","19,416.55","19,485.14","19,337.22","1.02B","-0.34%"
"Mar 17, 2017","19,521.59","19,510.89","19,547.51","19,487.92","1.37B","-0.35%"
"Mar 16, 2017","19,590.14","19,458.70","19,618.99","19,454.17","1.22B","0.07%"
"Mar 15, 2017","19,577.38","19,528.75","19,581.53","19,503.74","1.16B","-0.16%"
"Mar 14, 2017","19,609.50","19,634.29","19,637.55","19,599.62","1.23B","-0.12%"
"Mar 13, 2017","19,633.75","19,545.74","19,656.48","19,531.51","926.13M","0.15%"
"Mar 10, 2017","19,604.61","19,444.71","19,623.72","19,427.81","1.55B","1.48%"
"Mar 09, 2017","19,318.58","19,343.06","19,350.20","19,262.98","1.01B","0.34%"
"Mar 08, 2017","19,254.03","19,308.53","19,326.40","19,198.78","1.03B","-0.47%"
"Mar 07, 2017","19,344.15","19,337.19","19,375.09","19,317.10","987.81M","-0.18%"
"Mar 06, 2017","19,379.14","19,409.18","19,411.54","19,340.32","880.22M","-0.46%"
"Mar 03, 2017","19,469.17","19,551.34","19,587.79","19,392.75","1.11B","-0.49%"
"Mar 02, 2017","19,564.80","19,624.82","19,668.01","19,564.80","1.46B","0.88%"
"Mar 01, 2017","19,393.54","19,226.94","19,414.55","19,164.62","1.32B","1.44%"
"Feb 28, 2017","19,118.99","19,194.68","19,267.99","19,118.99","1.33B","0.06%"
"Feb 27, 2017","19,107.47","19,130.51","19,178.99","18,995.55","1.24B","-0.91%"
"Feb 24, 2017","19,283.54","19,232.11","19,381.10","19,219.58","1.49B","-0.45%"
"Feb 23, 2017","19,371.46","19,379.92","19,379.92","19,262.63","1.41B","-0.04%"
"Feb 22, 2017","19,379.87","19,419.22","19,419.22","19,329.28","1.57B","-0.01%"
"Feb 21, 2017","19,381.44","19,267.87","19,395.35","19,261.98","1.01B","0.68%"
"Feb 20, 2017","19,251.08","19,161.33","19,274.75","19,115.11","989.09M","0.09%"
"Feb 17, 2017","19,234.62","19,228.74","19,275.39","19,173.53","1.44B","-0.58%"
"Feb 16, 2017","19,347.53","19,431.61","19,431.61","19,260.24","1.38B","-0.47%"
"Feb 15, 2017","19,437.98","19,438.81","19,495.62","19,420.00","1.43B","1.03%"
"Feb 14, 2017","19,238.98","19,478.86","19,501.01","19,232.85","1.43B","-1.13%"
"Feb 13, 2017","19,459.15","19,513.78","19,519.44","19,418.18","1.18B","0.41%"
"Feb 10, 2017","19,378.93","19,216.74","19,395.99","19,193.57","1.49B","2.49%"
"Feb 09, 2017","18,907.67","18,942.04","18,991.23","18,874.91","1.30B","-0.53%"
"Feb 08, 2017","19,007.60","18,951.16","19,009.24","18,875.57","1.03B","0.51%"
"Feb 07, 2017","18,910.78","18,844.12","18,970.58","18,805.32","1.06B","-0.35%"
"Feb 06, 2017","18,976.71","19,069.72","19,075.57","18,899.40","1.20B","0.31%"
"Feb 03, 2017","18,918.20","18,996.74","19,061.26","18,830.89","1.41B","0.02%"
"Feb 02, 2017","18,914.58","19,152.79","19,170.63","18,866.80","1.37B","-1.22%"
"Feb 01, 2017","19,148.08","18,926.97","19,155.79","18,916.18","1.31B","0.56%"
"Jan 31, 2017","19,041.34","19,145.35","19,199.75","19,041.34","1.34B","-1.69%"
"Jan 30, 2017","19,368.85","19,371.28","19,390.97","19,295.80","978.02M","-0.51%"
"Jan 27, 2017","19,467.40","19,453.51","19,486.68","19,404.13","1.35B","0.34%"
"Jan 26, 2017","19,402.39","19,260.67","19,405.23","19,232.46","1.45B","1.81%"
"Jan 25, 2017","19,057.50","19,091.23","19,133.18","18,987.45","1.25B","1.43%"
"Jan 24, 2017","18,787.99","18,817.42","18,915.70","18,783.16","1.32B","-0.55%"
"Jan 23, 2017","18,891.03","18,938.45","19,024.21","18,879.68","1.25B","-1.29%"
"Jan 20, 2017","19,137.91","19,059.15","19,176.86","19,040.20","1.26B","0.34%"
"Jan 19, 2017","19,072.25","19,082.83","19,122.39","18,982.13","1.71B","0.94%"
"Jan 18, 2017","18,894.37","18,753.96","18,941.24","18,650.33","1.23B","0.43%"
"Jan 17, 2017","18,813.53","19,038.45","19,043.91","18,812.86","1.10B","-1.48%"
"Jan 16, 2017","19,095.24","19,219.13","19,255.41","19,061.27","860.57M","-1.00%"
"Jan 13, 2017","19,287.28","19,174.97","19,299.36","19,156.93","994.18M","0.80%"
"Jan 12, 2017","19,134.70","19,300.19","19,300.19","19,069.02","1.25B","-1.19%"
"Jan 11, 2017","19,364.67","19,358.64","19,402.17","19,325.46","1.27B","0.33%"
"Jan 10, 2017","19,301.44","19,414.83","19,484.90","19,255.35","1.17B","-0.79%"
"Jan 06, 2017","19,454.33","19,393.55","19,472.37","19,354.44","1.23B","-0.34%"
"Jan 05, 2017","19,520.69","19,602.10","19,615.40","19,473.28","1.39B","-0.37%"
"Jan 04, 2017","19,594.16","19,298.68","19,594.16","19,277.93","1.69B","2.51%"